﻿Designator,Footprint,Quantity,Value,LCSC Part #
"C1, C12, C16, C20, C21, C25, C26, C29, C5, C9",C_1608_603_B,10,0.1uF,C2909630
"C10, C13, C14, C15, C17, C18, C19, C22, C6",C_1608_603_B,9,1uF,C2918499
"C11, C23, C24, C28, C3, C4, C7",C_1608_603_B,7,10uF,C2909630
"C2, C8",C_1005_402_B,2,22pF,C173271
"D1, D2, D3",D_0603,3,LED,C94869
D6,D_SOD-123F,1,PMEG1030EH,DIGI
IC2,QFN50P700X700X90-49N-D,1,ATSAMD21G18A-MUT,DIGI
J1,JST_PH_S2B-PH-SM4-TB_1x02-1MP_P2.00mm_Horizontal,1,CONN_01X02_MALE,C295747
"J10, J2, J4, J5, J6, J7, J9",test_point_1.0mm_square,7,TEST_1P,
J11,JST_SM05B,1,CONN_01X05_MALE,C189896
J3,JST_BM03B_GHS_TB,1,CONN_01X03_MALE,C514175
J8,fsr_connector,1,header_01x10,
Q2,SOT-23,1,Q_PMOS_GSD,C727156
"R1, R15, R16, R27, R4, R9",R_1608_603_B,6,1k,C2984405
"R10, R23, R24, R8",R_1608_603_B,4,10k,C5123581
"R11, R12, R13, R14, R2, R21, R29, R3, R31, R33",R_1608_603_B,10,5k1,C23186
"R5, R6, R7",R_1608_603_B,3,4k7,C2984421
SW1,TL3365AF180QG,1,SW_Push,C2886926
U1,DFN-8-1EP_2x2mm_P0.5mm_EP0.9x1.5mm,1,MAX17048 ,C2682616
"U10, U9",VSSOP-10_3x3mm_P0.5mm,2,ADS1115IDGST,
"U11, U6",SOT-23-5,2,AP2112K-3V_SOT-25,C51118
"U12, U5",WQFN-16-1EP_3x3mm_P0.5mm_EP1.68x1.68mm,2,TLV9064S,DIGI
"U13, U7",WQFN-16-1EP_3x3mm_P0.5mm_EP1.68x1.68mm,2,AD5143BCPZ100,
U14,plated_hole_2.0x2.5mm,1,Mounting-holes,
U2,USB_C_XKB_U262-16XN-4BVC11,1,USB_C_2.0,C165948
U3,Diodes_UDFN-10_1.0x2.5mm_P0.5mm,1,ESD224DQA,
U4,SOT-23-5,1,MCP73831,C424093
U8,PQFN50P250X300X86-14N,1,LSM6DSV16X,DIGI
Y1,2-smd,1,32.768khz,
